CREATE TABLE IF NOT EXISTS "__EFMigrationsHistory" (
    "MigrationId" TEXT NOT NULL CONSTRAINT "PK___EFMigrationsHistory" PRIMARY KEY,
    "ProductVersion" TEXT NOT NULL
);

BEGIN TRANSACTION;

CREATE TABLE "Admins" (
    "Username" TEXT NOT NULL CONSTRAINT "PK_Admins" PRIMARY KEY,
    "Name" TEXT NULL,
    "Email" TEXT NULL,
    "Address" TEXT NULL,
    "Phone" TEXT NULL,
    "Picture" BLOB NULL,
    "Password" TEXT NULL,
    "SessionID" TEXT NULL
);

CREATE TABLE "AuditLogs" (
    "Id" INTEGER NOT NULL CONSTRAINT "PK_AuditLogs" PRIMARY KEY AUTOINCREMENT,
    "EntityName" TEXT NOT NULL,
    "Action" TEXT NOT NULL,
    "OriginalValues" TEXT NOT NULL,
    "CurrentValues" TEXT NOT NULL,
    "Timestamp" TEXT NOT NULL
);

CREATE TABLE "Users" (
    "Username" TEXT NOT NULL CONSTRAINT "PK_Users" PRIMARY KEY,
    "Name" TEXT NULL,
    "Email" TEXT NULL,
    "Address" TEXT NULL,
    "Phone" TEXT NULL,
    "Picture" BLOB NULL,
    "Password" TEXT NULL,
    "SessionID" TEXT NULL
);

CREATE TABLE "BankAccounts" (
    "AccountNumber" INTEGER NOT NULL CONSTRAINT "PK_BankAccounts" PRIMARY KEY AUTOINCREMENT,
    "AccountHolderName" TEXT NULL,
    "Balance" REAL NOT NULL,
    "UserUsername" TEXT NOT NULL,
    CONSTRAINT "FK_BankAccounts_Users_UserUsername" FOREIGN KEY ("UserUsername") REFERENCES "Users" ("Username") ON DELETE CASCADE
);

CREATE TABLE "Transactions" (
    "TransactionId" INTEGER NOT NULL CONSTRAINT "PK_Transactions" PRIMARY KEY AUTOINCREMENT,
    "FromAccountNumber" INTEGER NOT NULL,
    "ToAccountNumber" INTEGER NOT NULL,
    "Amount" REAL NOT NULL,
    "Timestamp" TEXT NOT NULL,
    "BankAccountAccountNumber" INTEGER NULL,
    "Description" TEXT NULL,
    CONSTRAINT "FK_Transactions_BankAccounts_BankAccountAccountNumber" FOREIGN KEY ("BankAccountAccountNumber") REFERENCES "BankAccounts" ("AccountNumber"),
    CONSTRAINT "FK_Transactions_BankAccounts_FromAccountNumber" FOREIGN KEY ("FromAccountNumber") REFERENCES "BankAccounts" ("AccountNumber") ON DELETE RESTRICT,
    CONSTRAINT "FK_Transactions_BankAccounts_ToAccountNumber" FOREIGN KEY ("ToAccountNumber") REFERENCES "BankAccounts" ("AccountNumber") ON DELETE RESTRICT
);

INSERT INTO "Admins" ("Username", "Address", "Email", "Name", "Password", "Phone", "Picture", "SessionID")
VALUES ('admin', 'Sydney', 'email0@gmail.com', 'Admin User', 'adminpassword', '061-000-0200', X'89504E470D0A1A0A0000000D4948445200000008000000080806000000C40FBE8B000000017352474200AECE1CE90000000467414D410000B18F0BFC6105000000097048597300000EC300000EC301C76FA86400000113494441542853010801F7FE00518233FF5E545BFF7D9184FF3D66D3FF272024FFD84EBCFF0B2AC5FFA7CF1CFF002E6E31FFB045E6FFA88EFBFFC82130FF6E6784FF892C3FFFD63417FF07401EFF0085A665FFDC2D3BFF9FB5C3FFC5893FFF69E64EFF3352CAFFA875C9FF1317B6FF002D0C5EFFC2C701FFBE8B8CFF2C8861FF14F0B6FF245237FFC1C978FF0526B9FF00787844FFF15256FF272127FFC0EC9BFFCA1C0CFF200B69FFAE0D01FF214424FF00529A09FF98BCCBFFA9491FFF254752FF089354FFDD04E8FF3652A1FF739274FF00D72C21FF7593A5FFA61119FF91096DFFBB9978FF2FF9F8FFBD4682FFE8A8D5FF005CE107FF1872EFFF4B8E8DFF309525FFA2AEF1FF7FD2F2FF01F3EFFFDCF343FF678B968BED02CABF0000000049454E44AE426082', NULL);

INSERT INTO "Users" ("Username", "Address", "Email", "Name", "Password", "Phone", "Picture", "SessionID")
VALUES ('audjy', '6931 Elm Rd', 'audjy@examplemail.com', 'gyosys vouniebc', '9231', '255-367-2880', X'89504E470D0A1A0A0000000D4948445200000008000000080806000000C40FBE8B000000017352474200AECE1CE90000000467414D410000B18F0BFC6105000000097048597300000EC300000EC301C76FA86400000113494441542853010801F7FE00A8FDB5FF1D8333FF96BA1EFF1CE664FFDC6126FF699214FF2ED81CFF3D94DCFF001FE8C1FF203380FF9A320BFFB077B2FFE60928FF7D3505FF4FB973FF273815FF004A4686FFC600E6FF01C2D5FF5228FAFFE4B246FFD801D1FF498E03FF2E1AF8FF0045EC4EFF4F5261FF61164DFFAADE5CFFF9F7F4FFD3BF86FF50B800FF77A19EFF00EAE136FFCD67D7FFCD4F23FF401B69FFC5F67FFF9F1E13FF591233FF4A054AFF0048A162FFCFAC31FF2368A0FF526C03FF90C9E4FFC34BC7FFFB2F43FFD000CBFF00DBE8B8FF8B31BCFF054A40FF40D776FF49B397FF5D577BFF258086FFCAE0F2FF00AD5FBFFFB715EEFF2CE9EDFF59F30FFFBBA188FFD67DAAFFE7AB03FFB57D17FFBE939CE29C5844160000000049454E44AE426082', NULL);
INSERT INTO "Users" ("Username", "Address", "Email", "Name", "Password", "Phone", "Picture", "SessionID")
VALUES ('azpbs', '9171 Maple Ln', 'azpbs@examplemail.com', 'ehrsah tuqpzfxu', '5070', '996-421-7406', X'89504E470D0A1A0A0000000D4948445200000008000000080806000000C40FBE8B000000017352474200AECE1CE90000000467414D410000B18F0BFC6105000000097048597300000EC300000EC301C76FA86400000113494441542853010801F7FE00600482FF111BA7FFC7B692FF857805FF4463B2FF280296FF52B4ACFF5E0EDCFF0073F5C0FF1E1469FFC9A021FF9ECE6EFF5B6A92FF94F9B6FF1A9781FFA8269AFF0022E24CFF419D94FFAC93A7FF927DE9FF9441E3FF8C8011FF9EF7EEFF2FE570FF006BEA6CFF4E5213FF2F5212FFE0954DFF897E1CFF127B01FFF0084AFFFCE15CFF00D28057FFA17072FFCBA13DFF773CFEFFD5A03EFF617A09FF45D939FFEC4E17FF00F570CDFF1369A4FFE56220FF644140FF79CE55FFD8EB3BFF235514FF263FC5FF00E34B73FFF5FADDFF56CADCFF17BF01FFDD6FBBFF08E6F6FF73BDEFFF6F4FA8FF00E5F4E0FF9763F3FF011F3CFF3C70A6FF41E6C8FF435D42FFF89DB7FF29B33BFF819F9F5563DE254F0000000049454E44AE426082', NULL);
INSERT INTO "Users" ("Username", "Address", "Email", "Name", "Password", "Phone", "Picture", "SessionID")
VALUES ('dlqpk', '2887 Elm St', 'dlqpk@examplemail.com', 'ofoymn qbvvydbd', '1069', '343-823-3713', X'89504E470D0A1A0A0000000D4948445200000008000000080806000000C40FBE8B000000017352474200AECE1CE90000000467414D410000B18F0BFC6105000000097048597300000EC300000EC301C76FA86400000113494441542853010801F7FE00AE27C2FFA50386FFBA1235FF297112FFBFD736FF7F5BAFFF3429E5FF97B4D7FF00309297FF2481E4FFA590A1FF686879FFE7B942FFCA7050FF1DC27BFF4BCAF4FF003453D7FF4A1270FF14BA38FF9C5F33FF0C04FEFF1EEE59FF967448FF5D8086FF000BD947FF4B7A26FF672538FFB02EAAFFF19EFCFF63F170FF384EC4FF267E8BFF00CAE22EFFD10C71FF2E6CE3FFC7CB53FF13BEB0FF4C232FFF42EEC1FF28D46BFF004286ABFF309E9AFF0F6E4FFF1ADB31FF958DF1FF202D68FF22854AFF065016FF00D16321FF331FB1FFAA3F05FFD41D11FF6EB765FF0EA6B1FFAE6657FF3F589AFF00B11A64FF09E199FF804044FFAEECA0FF4E41C6FFB5F1DBFFE6F188FF558B82FF575C98B9B5824B020000000049454E44AE426082', NULL);
INSERT INTO "Users" ("Username", "Address", "Email", "Name", "Password", "Phone", "Picture", "SessionID")
VALUES ('ggqsl', '506 Elm Blvd', 'ggqsl@examplemail.com', 'hqubtp kemafiaw', '6267', '355-836-9694', X'89504E470D0A1A0A0000000D4948445200000008000000080806000000C40FBE8B000000017352474200AECE1CE90000000467414D410000B18F0BFC6105000000097048597300000EC300000EC301C76FA86400000113494441542853010801F7FE008D0C22FF42AB48FF28AB36FFB9DC93FFA13112FFF21926FF39BC6DFFE982C8FF00211BAAFFF80CF6FFD7BF54FF0E39E1FFAF48A6FF82DB41FF3A90A4FFD99A44FF009E871FFFC6A5AFFF21A895FFE2E809FF97C0BBFF3F1E32FF40EA21FFA8DEBBFF00F3C851FF546B1CFF600E72FFA66D97FF97F46EFFBBE493FFCFF8CAFF744243FF00E2C994FFDDB03CFF378B95FF6B728CFFE632C0FF9C59EFFF3FD757FF928E4BFF00195925FF2CC32EFF682B02FFF1F3C6FFAF7AEEFFD9B4E6FF352F9BFF1C6D1AFF006F00F2FF743D0AFF910708FFEF86D4FF696E13FF0F7A2EFF0D41A4FF7504E6FF000F0971FFC4B3B4FFA08672FF88C15DFF712870FF37B5C1FF0AF3C2FF1467F5FF0F7D9E091381DE580000000049454E44AE426082', NULL);
INSERT INTO "Users" ("Username", "Address", "Email", "Name", "Password", "Phone", "Picture", "SessionID")
VALUES ('jhgso', '896 Pine Blvd', 'jhgso@examplemail.com', 'vefxoh vcpnvirj', '8853', '890-874-1324', X'89504E470D0A1A0A0000000D4948445200000008000000080806000000C40FBE8B000000017352474200AECE1CE90000000467414D410000B18F0BFC6105000000097048597300000EC300000EC301C76FA86400000113494441542853010801F7FE001D012DFF4FFBEAFF1D7EA9FFEFF6ADFF52030EFF7FF603FFFAA8B7FFB5711CFF0017BCA2FF31075FFFBEEEC1FF8DA193FF26EABCFFD53FE4FFE2FE46FF9F8C6AFF0068A87BFFC233A9FFF0427AFFEA1C45FFACEC12FF65940FFFC4A8C6FF624CCDFF0019EAE6FF8F5B84FF4E587FFFAE0883FF2CB86AFF38693CFFEB5351FF7A0A00FF0068BE9DFF789B4CFF76BF1EFF46D388FF22DDBDFF31D1A5FF816653FFD96B84FF00741A05FFEE14C3FFE6F212FFE7CFF0FF3D28BEFFAF28F3FF7240FAFF43D84CFF0015AF42FF47C54EFF3C7E08FF678096FFDB1152FFA36F2CFF5E97C2FF8FA1EEFF00494D50FFE64373FF689476FF63D551FFCC3682FFA490B7FFE0BDB6FF6521E4FFC0CAA0B367FD748B0000000049454E44AE426082', NULL);
INSERT INTO "Users" ("Username", "Address", "Email", "Name", "Password", "Phone", "Picture", "SessionID")
VALUES ('jppyv', '1538 Pine Blvd', 'jppyv@examplemail.com', 'tlbhvs pdadnblg', '7542', '811-460-5646', X'89504E470D0A1A0A0000000D4948445200000008000000080806000000C40FBE8B000000017352474200AECE1CE90000000467414D410000B18F0BFC6105000000097048597300000EC300000EC301C76FA86400000113494441542853010801F7FE009043D3FF31F762FF632F94FFECEDE0FFB2AB1DFF3B62F8FFF59372FF15AA40FF00E7C545FF4CAB55FF38A4CAFF84459AFF53E0BFFFEF71D4FF64A51CFF66B1E8FF0076141CFF109D00FF0D5E88FFF5BD5BFF121A87FF024B8FFFFBFD43FF90EE17FF0096A5FAFF6FC080FF8C0FCCFF84D582FFDB9912FF220541FF6971BDFF807B42FF00A8F858FFFE9556FFAD88C3FF3348B7FFA6D282FFC184ABFFDD4A64FF27753CFF00CB898EFF330002FFCE8AD8FFBF5836FF8226A9FF626CFCFF361D12FF738200FF0075B6ECFF0A1ABFFFA898A7FF795B9DFFCCDFC3FFA44365FF302FA0FFAC38B2FF00722BDBFF17DEC1FF801E68FFF41F8AFF89C51BFF21943DFF5B1869FFFD662FFF0EAF9E9E6BDA99650000000049454E44AE426082', NULL);
INSERT INTO "Users" ("Username", "Address", "Email", "Name", "Password", "Phone", "Picture", "SessionID")
VALUES ('nfhsv', '9415 Birch Rd', 'nfhsv@examplemail.com', 'gfoyli ogegijoh', '5259', '523-164-5323', X'89504E470D0A1A0A0000000D4948445200000008000000080806000000C40FBE8B000000017352474200AECE1CE90000000467414D410000B18F0BFC6105000000097048597300000EC300000EC301C76FA86400000113494441542853010801F7FE002D97DDFFFA5087FFA58615FF77B0CDFFABDAD8FF266F55FFA1C3DAFF430D38FF00ECF2BBFF1B50EEFFA5B398FFA3A4BCFFE97E31FF9863DDFF0B9633FF520D90FF00D0B026FFD86880FF2B743EFF9C45B1FF5B6C78FF819317FFC259E6FF6A01EDFF00035894FF64A1A8FF63EDE7FFC60325FF21A99CFF9BB32DFF21BC83FF831DF2FF009968CCFF58670DFF9FFB1DFF2CCE5FFFAC3FBBFFA70313FF971FEEFFD2636BFF00166696FF7D6C33FFA8024CFFD0E3DAFF9583B5FFD8613BFF1339B7FFE4410DFF0047A083FF53AA02FF339996FF7EE8A6FF04CDCEFF6AF83DFF47BA8EFF0DBA8EFF001962A9FF9FA4AFFFDD0A92FF555930FFE89919FFC43EABFF4EA3D2FF0A353BFFC1EE9E196B36934F0000000049454E44AE426082', NULL);
INSERT INTO "Users" ("Username", "Address", "Email", "Name", "Password", "Phone", "Picture", "SessionID")
VALUES ('onaqn', '2260 Pine Blvd', 'onaqn@examplemail.com', 'iohhxp byvnmdnl', '3209', '643-136-2013', X'89504E470D0A1A0A0000000D4948445200000008000000080806000000C40FBE8B000000017352474200AECE1CE90000000467414D410000B18F0BFC6105000000097048597300000EC300000EC301C76FA86400000113494441542853010801F7FE00CB2182FFB3A601FF83D30EFFF9344BFF4F13F6FF0249DDFF0030BDFF018216FF008EF19EFFD058E7FF4CA7E9FFB26C74FF773875FF00404EFFFAAED2FF6B5179FF005C7F8DFFCC707CFF4576A3FF899F4EFFEA2371FF7F5813FFCE1E65FF19E5ABFF003680BDFF0D61A1FF8C0126FF950621FF0B683BFF729502FF7B4F2DFF5D045DFF00A7A9E5FF5C5B34FF64DE8DFF1ADA12FF6CEF35FF8BDAA6FF70CF2FFFABB9A6FF0068F2DBFF5D8B67FFD0B180FF59CB13FF671422FF236B15FF230EACFF9C9DFEFF005BF560FF506A54FF84D6F9FFFAC883FF83B85EFF13846BFF9887D4FF456613FF007452EEFFCE929DFF5B4761FF9485B3FFCC244EFF7AC97DFF74DD1EFF63057DFF314E99A5E1E8BE730000000049454E44AE426082', NULL);
INSERT INTO "Users" ("Username", "Address", "Email", "Name", "Password", "Phone", "Picture", "SessionID")
VALUES ('swihf', '9969 Oak Rd', 'swihf@examplemail.com', 'kzzjgu cludppji', '3323', '793-600-8586', X'89504E470D0A1A0A0000000D4948445200000008000000080806000000C40FBE8B000000017352474200AECE1CE90000000467414D410000B18F0BFC6105000000097048597300000EC300000EC301C76FA86400000113494441542853010801F7FE00ED6D0DFF938B92FF61329BFF7492BCFFECAB8DFF6EB1ACFF031E4FFF3257ABFF0027B81BFFEDE072FF4974CAFF81024DFF4D09CBFF21D6E4FF6F750BFFAA15B3FF000723EFFFE1EFA3FF176B34FFDB511BFFDD1F63FFFB72E8FF48E2BBFF980757FF003F4545FF741AC3FFD20BE5FF7FC062FF5129D0FF593F72FF585FF2FF0E79D3FF00780113FF58A4D4FFC5419FFFBD5018FFF2DC68FFD4F602FF31A240FF54D403FF00BD4AD8FFCA1CA8FFFC31D1FF2CC724FFC47B8FFF772731FFB75207FF0D23D5FF00D3DE91FF565007FF42CCB0FF2697B5FFF8BB98FF29EB4FFF56E4A8FF35CA91FF0028F027FF091BC3FFFC9E20FF386113FF81F74AFFA02B0AFFF94ECDFFBFF5FAFFFC1F9CF2AF01389D0000000049454E44AE426082', NULL);
INSERT INTO "Users" ("Username", "Address", "Email", "Name", "Password", "Phone", "Picture", "SessionID")
VALUES ('uanae', '8221 Maple Blvd', 'uanae@examplemail.com', 'lmihkx rytcvzyu', '1426', '515-360-6063', X'89504E470D0A1A0A0000000D4948445200000008000000080806000000C40FBE8B000000017352474200AECE1CE90000000467414D410000B18F0BFC6105000000097048597300000EC300000EC301C76FA86400000113494441542853010801F7FE00A8D621FF6DBA53FFE98823FF031A7CFF36B70BFFAA25E9FF47A226FFFB876DFF005DD560FF06363FFF743590FF50EEC5FFACF3A0FF286441FF8DD6F8FFDF0D61FF0082325CFF905D5BFF2824B9FFC04398FFF51824FF0232D1FF66E502FF271AEEFF00E8590BFF5249CBFF325445FFAD2714FFCAFA3CFF75CFCFFF32793BFF949D49FF00F5EEA1FF89F846FF424ECEFF63A13AFF75CAD0FF459763FF7707F8FFE59A6FFF00B0F2FEFF8C6D1CFF091D00FF00EF8BFF4821F9FFE8791DFFF3F619FF59AD73FF0099AF23FF685035FFAF97B0FFB4D9B6FFDE7D87FF5B3073FF9C73CBFF6FE734FF00969F55FF6E4A10FFDE680DFFDD78F7FF343552FFB3BB7DFF502A22FF51AF79FF804A9BFE2D4472E90000000049454E44AE426082', NULL);
INSERT INTO "Users" ("Username", "Address", "Email", "Name", "Password", "Phone", "Picture", "SessionID")
VALUES ('userdonald', 'Florida', 'donald@realdonald.com', 'Donny Trumpas', 'userpassword', '666-666-6666', X'89504E470D0A1A0A0000000D4948445200000008000000080806000000C40FBE8B000000017352474200AECE1CE90000000467414D410000B18F0BFC6105000000097048597300000EC300000EC301C76FA86400000113494441542853010801F7FE00C6D03FFF38E33AFF27BFD5FFCAB924FF465307FF8C649BFF69B556FFC32C27FF00AA2E20FF87CAF1FF81B232FF3F353DFF6E1117FFA84604FFD6FA82FF2387B4FF0036354BFF6CF109FF7D9817FF7A21E8FF8383A8FF418C7AFFF8BD37FF5138F7FF004D9BBFFFF09AACFF3EA380FF2E1A00FFB2C000FFC65724FF6518D2FF4B89E7FF00DCDBA6FFE1C23FFF1E2C5FFF1E84FDFF9B3989FF12C0E3FFB7B27AFF136768FF005DDD3CFFA8FB82FFADE0E2FFA6C2A0FFA6F69EFF6749DAFF388B79FFE3A126FF004E366CFFAE5038FF02DA10FFAC04D8FF391B17FFBDE308FF88DA72FF810409FF00232D5DFF375426FFD0B647FFEE231EFF8665BEFF1D8687FF1C159BFFE2F9A1FF9D139A979CF137EB0000000049454E44AE426082', 'null');
INSERT INTO "Users" ("Username", "Address", "Email", "Name", "Password", "Phone", "Picture", "SessionID")
VALUES ('userjoe', 'Washington DC', 'biden@potus.com', 'Joe Biden', 'userpassword', '777-777-7777', X'89504E470D0A1A0A0000000D4948445200000008000000080806000000C40FBE8B000000017352474200AECE1CE90000000467414D410000B18F0BFC6105000000097048597300000EC300000EC301C76FA86400000113494441542853010801F7FE0044CEB4FF0B07FDFF033D6DFFDE8B8FFF9A43CBFFED4F76FF73AF41FFFC90A3FF00A97357FF0F393EFFABCF95FFD14460FFB7D8A5FF4BB8A8FFB7C204FF12ED65FF0021F4CCFFA50161FF187A50FF757CA1FFB84A02FF18229DFF5D3FF4FF4D2819FF00A26D1BFFB723D7FF588149FF586DB6FF45CB43FF435A34FF26F40BFF70A145FF00794EFBFF4DF552FF220D23FFDB03D6FF194C6DFF971C80FFDCC9F7FF27CBB3FF0047EA62FF3B27F1FF1ACC36FF14DBB3FFE0915AFFDAC35EFF64E2A8FF9C4D4EFF004E54E4FF072112FFA4E818FFAB3A3CFF51D606FFCEF478FF994856FF5E1D90FF0038634CFFC5A3DFFFCBA31DFF791C88FF62B6BBFF4E02A0FF65AE87FF6D00E0FF4E2999AFB71D6FF70000000049454E44AE426082', 'null');
INSERT INTO "Users" ("Username", "Address", "Email", "Name", "Password", "Phone", "Picture", "SessionID")
VALUES ('uyuwz', '1969 Elm Rd', 'uyuwz@examplemail.com', 'pobffd qhjaynye', '1071', '931-539-3916', X'89504E470D0A1A0A0000000D4948445200000008000000080806000000C40FBE8B000000017352474200AECE1CE90000000467414D410000B18F0BFC6105000000097048597300000EC300000EC301C76FA86400000113494441542853010801F7FE00CFF68DFF9C7716FF2F8E1CFFE56D8EFF214B0BFF9A527DFFD17D02FF9C9F44FF00744800FF41581FFFCC5639FFD4FDE4FF082A80FF253365FF0CE6A5FF8F3E1EFF008B6CE8FFFA1416FFD03545FF47163FFF55C339FF749593FF542D1FFF38031AFF001140DDFFD0F85CFFF0C122FF1451ADFFC43A56FFB4F17DFF5CFD6FFFB1B427FF0075352FFFF1DCEDFFD5B9FCFF736832FF9810B2FFCA6390FFE6D121FF1D4844FF00A6D09AFF157857FF3120C7FF74B964FF741E29FF2B8521FFC4F3D9FF0279C4FF00B27F65FF2D2530FF095EB1FFC993F6FF2E73D5FFA34214FFC6F3F5FFA84C95FF00D59614FFC66985FF56D955FFA8DF46FF62E8A3FF523D53FFE9117FFF33C19AFF7B129A21E43620F60000000049454E44AE426082', NULL);
INSERT INTO "Users" ("Username", "Address", "Email", "Name", "Password", "Phone", "Picture", "SessionID")
VALUES ('yiihf', '8736 Elm Ave', 'yiihf@examplemail.com', 'ykdqsb dndcyuxb', '6833', '396-719-3243', X'89504E470D0A1A0A0000000D4948445200000008000000080806000000C40FBE8B000000017352474200AECE1CE90000000467414D410000B18F0BFC6105000000097048597300000EC300000EC301C76FA86400000113494441542853010801F7FE008DF748FF74C191FFAC1F52FF4D43C3FFD4425AFFBA7059FF7F3CA1FFB34F03FF00AB43ABFF32138FFFEB6CA8FFF2559EFF64B4FDFFC7207CFF125BDEFFD480E8FF00915CF3FF48F6C1FF272A7BFFB7A17DFF8FBF5EFF41FBD0FFAFE78AFF60B2EFFF00E80469FFBFF104FFDE9DEFFFB8219DFFBB7D4CFF6B68CAFF89176DFF4A5162FF008AE040FFDA1809FFEF239AFF73548BFFA554BEFF2856ABFFE24857FFB29B68FF0083FA29FF0C80C3FF092C81FF07F7B3FFB4AE6CFF776C69FFB8FC72FF7DD0E3FF0040384BFF57707CFFD9EE12FF4FCC50FFB6B43DFF235D94FF761B53FF9E465EFF0005A9F4FF54E900FF36C155FF90A938FF64C971FF446192FFD1D996FF8FE5A5FF1763A24E8804D93B0000000049454E44AE426082', NULL);

INSERT INTO "BankAccounts" ("AccountNumber", "AccountHolderName", "Balance", "UserUsername")
VALUES (1, 'Joe Biden''s Account', 25877.0, 'userjoe');
INSERT INTO "BankAccounts" ("AccountNumber", "AccountHolderName", "Balance", "UserUsername")
VALUES (2, 'Donald Trump''s Account', 3477.0, 'userdonald');
INSERT INTO "BankAccounts" ("AccountNumber", "AccountHolderName", "Balance", "UserUsername")
VALUES (3, 'lmihkx rytcvzyu''s Account', 12357.169999999998, 'uanae');
INSERT INTO "BankAccounts" ("AccountNumber", "AccountHolderName", "Balance", "UserUsername")
VALUES (4, 'vefxoh vcpnvirj''s Account', 9299.1899999999987, 'jhgso');
INSERT INTO "BankAccounts" ("AccountNumber", "AccountHolderName", "Balance", "UserUsername")
VALUES (5, 'gfoyli ogegijoh''s Account', 76867.820000000007, 'nfhsv');
INSERT INTO "BankAccounts" ("AccountNumber", "AccountHolderName", "Balance", "UserUsername")
VALUES (6, 'tlbhvs pdadnblg''s Account', 8827.7099999999991, 'jppyv');
INSERT INTO "BankAccounts" ("AccountNumber", "AccountHolderName", "Balance", "UserUsername")
VALUES (7, 'ehrsah tuqpzfxu''s Account', 561.36000000000013, 'azpbs');
INSERT INTO "BankAccounts" ("AccountNumber", "AccountHolderName", "Balance", "UserUsername")
VALUES (8, 'ofoymn qbvvydbd''s Account', 1004.1800000000003, 'dlqpk');
INSERT INTO "BankAccounts" ("AccountNumber", "AccountHolderName", "Balance", "UserUsername")
VALUES (9, 'hqubtp kemafiaw''s Account', 22835.720000000001, 'ggqsl');
INSERT INTO "BankAccounts" ("AccountNumber", "AccountHolderName", "Balance", "UserUsername")
VALUES (10, 'gyosys vouniebc''s Account', 9531.3199999999997, 'audjy');
INSERT INTO "BankAccounts" ("AccountNumber", "AccountHolderName", "Balance", "UserUsername")
VALUES (11, 'iohhxp byvnmdnl''s Account', 54853.959999999999, 'onaqn');
INSERT INTO "BankAccounts" ("AccountNumber", "AccountHolderName", "Balance", "UserUsername")
VALUES (12, 'kzzjgu cludppji''s Account', 3018.9499999999971, 'swihf');
INSERT INTO "BankAccounts" ("AccountNumber", "AccountHolderName", "Balance", "UserUsername")
VALUES (13, 'pobffd qhjaynye''s Account', 11426.080000000002, 'uyuwz');
INSERT INTO "BankAccounts" ("AccountNumber", "AccountHolderName", "Balance", "UserUsername")
VALUES (14, 'ykdqsb dndcyuxb''s Account', 11425.43, 'yiihf');

INSERT INTO "Transactions" ("TransactionId", "Amount", "BankAccountAccountNumber", "Description", "FromAccountNumber", "Timestamp", "ToAccountNumber")
VALUES (1, 20830.0, NULL, 'Transfer of $20,830.00 from 13 to 11', 13, '2023-10-13 11:26:06.5506325', 11);
INSERT INTO "Transactions" ("TransactionId", "Amount", "BankAccountAccountNumber", "Description", "FromAccountNumber", "Timestamp", "ToAccountNumber")
VALUES (2, 19051.0, NULL, 'Transfer of $19,051.00 from 11 to 6', 11, '2023-10-13 11:26:06.5506361', 6);
INSERT INTO "Transactions" ("TransactionId", "Amount", "BankAccountAccountNumber", "Description", "FromAccountNumber", "Timestamp", "ToAccountNumber")
VALUES (3, 14906.0, NULL, 'Transfer of $14,906.00 from 3 to 9', 3, '2023-10-13 11:26:06.5506368', 9);
INSERT INTO "Transactions" ("TransactionId", "Amount", "BankAccountAccountNumber", "Description", "FromAccountNumber", "Timestamp", "ToAccountNumber")
VALUES (4, 3992.0, NULL, 'Transfer of $3,992.00 from 2 to 8', 2, '2023-10-13 11:26:06.5506371', 8);
INSERT INTO "Transactions" ("TransactionId", "Amount", "BankAccountAccountNumber", "Description", "FromAccountNumber", "Timestamp", "ToAccountNumber")
VALUES (5, 3338.0, NULL, 'Transfer of $3,338.00 from 8 to 2', 8, '2023-10-13 11:26:06.5506373', 2);
INSERT INTO "Transactions" ("TransactionId", "Amount", "BankAccountAccountNumber", "Description", "FromAccountNumber", "Timestamp", "ToAccountNumber")
VALUES (6, 1137.0, NULL, 'Transfer of $1,137.00 from 11 to 14', 11, '2023-10-13 11:26:06.5506376', 14);
INSERT INTO "Transactions" ("TransactionId", "Amount", "BankAccountAccountNumber", "Description", "FromAccountNumber", "Timestamp", "ToAccountNumber")
VALUES (7, 4131.0, NULL, 'Transfer of $4,131.00 from 4 to 14', 4, '2023-10-13 11:26:06.550638', 14);
INSERT INTO "Transactions" ("TransactionId", "Amount", "BankAccountAccountNumber", "Description", "FromAccountNumber", "Timestamp", "ToAccountNumber")
VALUES (8, 2595.0, NULL, 'Transfer of $2,595.00 from 7 to 13', 7, '2023-10-13 11:26:06.5506382', 13);
INSERT INTO "Transactions" ("TransactionId", "Amount", "BankAccountAccountNumber", "Description", "FromAccountNumber", "Timestamp", "ToAccountNumber")
VALUES (9, 14954.0, NULL, 'Transfer of $14,954.00 from 6 to 14', 6, '2023-10-13 11:26:06.5506384', 14);
INSERT INTO "Transactions" ("TransactionId", "Amount", "BankAccountAccountNumber", "Description", "FromAccountNumber", "Timestamp", "ToAccountNumber")
VALUES (10, 182.0, NULL, 'Transfer of $182.00 from 4 to 11', 4, '2023-10-13 11:26:06.5506388', 11);
INSERT INTO "Transactions" ("TransactionId", "Amount", "BankAccountAccountNumber", "Description", "FromAccountNumber", "Timestamp", "ToAccountNumber")
VALUES (11, 6526.0, NULL, 'Transfer of $6,526.00 from 6 to 4', 6, '2023-10-13 11:26:06.5506391', 4);
INSERT INTO "Transactions" ("TransactionId", "Amount", "BankAccountAccountNumber", "Description", "FromAccountNumber", "Timestamp", "ToAccountNumber")
VALUES (12, 9100.0, NULL, 'Transfer of $9,100.00 from 14 to 6', 14, '2023-10-13 11:26:06.5506393', 6);
INSERT INTO "Transactions" ("TransactionId", "Amount", "BankAccountAccountNumber", "Description", "FromAccountNumber", "Timestamp", "ToAccountNumber")
VALUES (13, 50712.0, NULL, 'Transfer of $50,712.00 from 12 to 11', 12, '2023-10-13 11:26:06.5506396', 11);
INSERT INTO "Transactions" ("TransactionId", "Amount", "BankAccountAccountNumber", "Description", "FromAccountNumber", "Timestamp", "ToAccountNumber")
VALUES (14, 567.0, NULL, 'Transfer of $567.00 from 6 to 9', 6, '2023-10-13 11:26:06.5506399', 9);
INSERT INTO "Transactions" ("TransactionId", "Amount", "BankAccountAccountNumber", "Description", "FromAccountNumber", "Timestamp", "ToAccountNumber")
VALUES (15, 79.0, NULL, 'Transfer of $79.00 from 4 to 14', 4, '2023-10-13 11:26:06.5506402', 14);

CREATE INDEX "IX_BankAccounts_UserUsername" ON "BankAccounts" ("UserUsername");

CREATE INDEX "IX_Transactions_BankAccountAccountNumber" ON "Transactions" ("BankAccountAccountNumber");

CREATE INDEX "IX_Transactions_FromAccountNumber" ON "Transactions" ("FromAccountNumber");

CREATE INDEX "IX_Transactions_ToAccountNumber" ON "Transactions" ("ToAccountNumber");

INSERT INTO "__EFMigrationsHistory" ("MigrationId", "ProductVersion")
VALUES ('20231013112606_InitialCreate', '7.0.10');

COMMIT;

